{"IcoMoonType":"selection","icons":[{"icon":{"paths":["M731.429 348.571c-21.714 9.714-44.571 16-69.143 19.429 25.143-14.857 44-38.857 53.143-66.857-23.429 13.714-49.143 24-76.571 29.143-21.714-23.429-53.143-37.714-87.429-37.714-66.286 0-120 53.714-120 120 0 9.143 0.571 18.857 2.857 27.429-100-5.143-188.571-52.571-248-125.714-10.286 17.714-16.571 38.857-16.571 60.571 0 41.714 19.429 78.286 52 100-20-0.571-38.857-6.286-57.143-14.857v1.143c0 58.286 44 106.857 98.857 117.714-10.286 2.857-18.286 4.571-29.143 4.571-7.429 0-14.857-1.143-22.286-2.286 15.429 47.429 59.429 82.286 112 83.429-41.143 32-92.571 51.429-149.143 51.429-9.714 0-19.429-0.571-28.571-1.714 53.143 33.714 116 53.714 184 53.714 220.571 0 341.714-182.857 341.714-341.714 0-5.143 0-10.286-0.571-15.429 23.429-16.571 44-37.714 60-62.286zM877.714 237.714v548.571c0 90.857-73.714 164.571-164.571 164.571h-548.571c-90.857 0-164.571-73.714-164.571-164.571v-548.571c0-90.857 73.714-164.571 164.571-164.571h548.571c90.857 0 164.571 73.714 164.571 164.571z"],"width":877.7142857142857,"attrs":[],"isMulticolor":false,"isMulticolor2":false,"tags":["twitter-square"],"defaultCode":61569,"grid":14},"attrs":[],"properties":{"name":"twitter","id":122,"order":8,"prevSize":28,"code":61569,"ligatures":"twitter"},"setIdx":0,"setId":2,"iconIdx":122},{"icon":{"paths":["M135.429 808h132v-396.571h-132v396.571zM276 289.143c-0.571-38.857-28.571-68.571-73.714-68.571s-74.857 29.714-74.857 68.571c0 37.714 28.571 68.571 73.143 68.571h0.571c46.286 0 74.857-30.857 74.857-68.571zM610.286 808h132v-227.429c0-121.714-65.143-178.286-152-178.286-70.857 0-102.286 39.429-119.429 66.857h1.143v-57.714h-132s1.714 37.143 0 396.571v0h132v-221.714c0-11.429 0.571-23.429 4-32 9.714-23.429 31.429-48 68-48 47.429 0 66.286 36 66.286 89.714v212zM877.714 237.714v548.571c0 90.857-73.714 164.571-164.571 164.571h-548.571c-90.857 0-164.571-73.714-164.571-164.571v-548.571c0-90.857 73.714-164.571 164.571-164.571h548.571c90.857 0 164.571 73.714 164.571 164.571z"],"width":877.7142857142857,"attrs":[],"isMulticolor":false,"isMulticolor2":false,"tags":["linkedin-square"],"defaultCode":61580,"grid":14},"attrs":[],"properties":{"name":"linkedin","id":133,"order":9,"prevSize":28,"code":61580,"ligatures":"linkedin"},"setIdx":0,"setId":2,"iconIdx":133},{"icon":{"paths":["M296.571 685.714v0c1.143-1.714 0.571-5.143-1.714-7.429-2.857-2.286-6.286-2.857-8-1.143-1.143 1.714-0.571 5.143 1.714 7.429 2.857 2.286 6.286 2.857 8 1.143zM280.571 662.286c-1.714-2.286-4.571-3.429-6.857-2.286-1.714 1.143-1.714 4.571 0 6.857 2.286 2.857 5.143 4 6.857 2.857v0c1.714-1.143 1.714-4.571 0-7.429zM257.143 639.429v0c0.571-1.143-0.571-3.429-2.857-4.571-1.714-0.571-4-0.571-4.571 1.143-1.143 1.714 0 3.429 2.286 4.571 2.286 0.571 4.571 0.571 5.143-1.143zM269.143 652.571v0c1.143-1.143 1.143-4-1.143-5.714-1.714-2.286-4.571-2.857-5.714-1.714-1.714 1.714-1.143 4 0.571 6.286 1.714 1.714 4.571 2.857 6.286 1.143zM318.286 695.429v0c0.571-2.286-1.714-5.143-5.143-6.286s-6.286 0-7.429 2.286c-0.571 2.286 1.714 5.143 5.143 6.286s6.286 0 7.429-2.286zM342.286 697.143v0c0-2.286-2.857-4.571-6.857-4.571-3.429 0-5.714 2.286-5.714 4.571s2.857 4.571 6.286 4.571 6.286-2.286 6.286-4.571zM364.571 693.143v0c-0.571-2.286-4-3.429-7.429-2.857s-5.714 2.857-5.143 5.143 3.429 4 6.857 3.429 5.714-3.429 5.714-5.714zM731.429 512c0-161.714-130.857-292.571-292.571-292.571s-292.571 130.857-292.571 292.571c0 129.143 84 238.857 200 277.714 14.857 2.857 20-6.286 20-14.286 0-6.857 0-29.714-0.571-54.286 0 0-81.143 17.714-98.286-34.857 0 0-13.143-33.714-32.571-42.286 0 0-26.286-18.286 2.286-18.286 0 0 28.571 2.286 44.571 30.286 25.714 45.143 68.571 32 85.143 24.571 2.857-18.857 10.286-32 18.857-39.429-65.143-7.429-133.714-32.571-133.714-144.571 0-32 11.429-57.714 30.286-78.286-2.857-7.429-13.143-37.143 2.857-77.714 24.571-7.429 80.571 30.286 80.571 30.286 23.429-6.857 48-9.714 73.143-9.714s49.714 2.857 73.143 9.714c0 0 56-37.714 80.571-30.286 16 40.571 5.714 70.286 2.857 77.714 18.857 20.571 30.286 46.286 30.286 78.286 0 112.571-68.571 137.143-133.714 144.571 10.286 9.143 20 26.857 20 54.286 0 38.857-0.571 70.286-0.571 80 0 8 5.143 17.143 20 14.286 116-38.857 200-148.571 200-277.714zM877.714 237.714v548.571c0 90.857-73.714 164.571-164.571 164.571h-548.571c-90.857 0-164.571-73.714-164.571-164.571v-548.571c0-90.857 73.714-164.571 164.571-164.571h548.571c90.857 0 164.571 73.714 164.571 164.571z"],"width":877.7142857142857,"attrs":[],"isMulticolor":false,"isMulticolor2":false,"tags":["github-square"],"defaultCode":61586,"grid":14},"attrs":[],"properties":{"name":"github","id":138,"order":10,"prevSize":28,"code":61586,"ligatures":"github"},"setIdx":0,"setId":2,"iconIdx":138},{"icon":{"paths":["M123.429 668l344.571 229.714v-205.143l-190.857-127.429zM88 585.714l110.286-73.714-110.286-73.714v147.429zM556 897.714l344.571-229.714-153.714-102.857-190.857 127.429v205.143zM512 616l155.429-104-155.429-104-155.429 104zM277.143 458.857l190.857-127.429v-205.143l-344.571 229.714zM825.714 512l110.286 73.714v-147.429zM746.857 458.857l153.714-102.857-344.571-229.714v205.143zM1024 356v312c0 14.286-7.429 28.571-19.429 36.571l-468 312c-7.429 4.571-16 7.429-24.571 7.429s-17.143-2.857-24.571-7.429l-468-312c-12-8-19.429-22.286-19.429-36.571v-312c0-14.286 7.429-28.571 19.429-36.571l468-312c7.429-4.571 16-7.429 24.571-7.429s17.143 2.857 24.571 7.429l468 312c12 8 19.429 22.286 19.429 36.571z"],"width":1024,"attrs":[],"isMulticolor":false,"isMulticolor2":false,"tags":["codepen"],"defaultCode":61899,"grid":14},"attrs":[],"properties":{"name":"codepen","id":417,"order":11,"prevSize":28,"code":61899,"ligatures":"codepen"},"setIdx":0,"setId":2,"iconIdx":417}],"height":1024,"metadata":{"name":"icomoon"},"preferences":{"showGlyphs":true,"showQuickUse":true,"showQuickUse2":true,"showSVGs":true,"fontPref":{"prefix":"icon-","metadata":{"fontFamily":"icomoon","majorVersion":1,"minorVersion":0},"metrics":{"emSize":1024,"baseline":6.25,"whitespace":50},"embed":false,"noie8":true,"ie7":false,"showSelector":true,"cssVars":true,"cssVarsFormat":"scss","selector":"i","showMetrics":true,"showMetadata":true},"imagePref":{"prefix":"icon-","png":true,"useClassSelector":true,"color":0,"bgColor":16777215,"classSelector":".icon"},"historySize":50,"showCodes":true,"gridSize":16,"showLiga":true}}